HIP ID,RAJ2000,DEJ2000,Gmag,Plx,Teff,PM,Absolute Magnitude
1,NULL,NULL,NULL,NULL,NULL,NULL,NULL
9,0.03532376056,36.58596003555,8.248223,3.1001,--,11.102,0.7051015155386686
8,0.02734284223,25.88645810089,7.425481,1.5204,--,19.831,-1.6647296953446693
6,0.01868469337,3.94645997327,11.73696,15.3938,--,223.493,7.673689199001992
2,0.00427321551,-19.49883599926,8.942914,26.7979,4617.6,179.808,6.083417810788362
10,0.03641642579,-50.86697451455,8.481748,10.7024,6318.1,58.797,3.6291538930427905
5,0.00996810368,-40.5912030647,8.307804,2.6055,5257.6,8.792,0.3872593875139003
4,0.00862612678,-51.89354298896,7.984906,7.3131,6854.2,61.979,2.305413560237098
11,0.03733579281,46.93999652984,7.324696,3.3645,--,11.203,-0.04070133680675614
3,0.00502608409,38.85927980643,6.596025,2.9927,--,6.243,-1.0236590818108384
12,0.04090080198,-35.96022143954,7.88723,1.8142,--,5.697,-0.8193441869626374
19,0.0533045482,38.30404616333,6.282961,4.4558,5058.6,13.122,-0.4724105542139352
7,0.02198176054,20.03611932182,9.323691,17.4912,5395.6,284.781,5.53778902838274
14,0.04842376057,-0.36044690697,6.908558,5.9966,--,59.607,0.798083402112435
13,0.04169575209,-22.59470619222,8.538684,2.4083,4873.6,12.009,0.44723692835517426
25,NULL,NULL,NULL,NULL,NULL,NULL,NULL
15,0.05035847856,50.79118639575,8.253609,2.5252,--,14.012,0.2650879032765836
17,0.05099020911,-40.19239550246,8.03971,6.7015,6463.7,44.368,2.170570109631859
16,0.05250280566,-54.91436578664,11.585863,3.2645,6447.0,277.278,4.154946364702411
18,0.05284906551,-4.05367928966,10.441756,22.783,4168.9,121.702,7.229810550792223
21,0.06638619238,8.00723469748,7.078523,3.5095,4350.3,61.293,-0.19525076625884008
23,0.07456270066,13.31223388065,7.463569,10.7299,6477.4,54.242,2.6165473723411417
20,0.06304616994,23.52922824106,8.394043,10.0663,6203.4,42.862,3.4083923463810537
24,0.0763889095,-23.45269707399,8.916584,10.9015,6078.4,129.723,4.104015295621924
29,0.09223100512,-49.10794385417,8.882331,2.0809,5184.9,27.33,0.4735870510059996
26,0.08409513466,-13.39337384091,9.000287,9.6223,6051.3,105.161,3.916681465136569
31,0.0980902031,2.67547842652,7.098974,1.9849,--,1.272,-1.4123328413359886
27,0.08591236582,-41.29782124258,9.158145,8.8421,5543.9,175.147,3.890922111321684
32,0.09857729554,51.93948461223,9.049073,0.9861,--,2.729,-0.9813222059935658
30,0.09610868258,42.14147493398,8.226948,2.6536,--,13.331,0.3461252925571312
34,NULL,NULL,NULL,NULL,NULL,NULL,NULL
28,0.08721256235,-43.36181877552,8.720228,4.3947,6354.0,13.404,1.9348741686172417
33,0.0991729864,-10.46238476251,8.004922,8.8743,6375.0,29.066,2.7455925308176656
22,0.07010945416,-49.35226301517,8.444609,4.8524,--,7.458,1.8743919702806817
35,0.10297263858,-14.49048374205,8.834017,5.3347,5121.2,164.495,2.469567008204577
38,0.11312864718,-79.0619822373,8.467084,24.9394,5326.7,173.888,5.451514004368667
37,0.10527655743,-47.17953714095,10.601769,--,--,--,NULL
41,NULL,NULL,NULL,NULL,NULL,NULL,NULL
36,0.10339432755,12.26714577757,7.362204,5.9413,--,55.111,1.231611410978811
43,0.12869817794,59.5596808224,5.908125,7.9154,4794.8,84.782,0.4004893328227803
42,NULL,NULL,NULL,NULL,NULL,NULL,NULL
44,0.13275418852,-3.30632060157,7.605676,3.8451,--,21.459,0.530214195178079
40,0.12195996921,67.21678671154,10.192575,0.9483,--,3.022,0.07730375279620993
39,0.11228727074,-16.69700956006,7.366848,11.5118,6407.3,170.326,2.672564178943084
49,0.13956473222,16.66904651471,9.401256,3.4958,6454.6,26.023,2.1189888901479286
51,0.14341650057,1.06621610213,8.688301,3.0226,5132.3,12.99,1.090204390062345
53,0.14742976174,-29.26341662766,10.900332,2.8336,6598.8,20.134,3.162024719229998
47,0.13499197049,-56.83560050596,10.284287,22.1427,4463.1,152.215,7.010439880276134
46,0.13458772627,-25.62228633445,8.274871,2.9262,4874.9,21.37,0.6063910298760504
50,0.14308789634,-53.0977135528,6.415747,16.5331,5837.0,56.149,2.5075184628564497
45,0.13390962148,-72.20271581344,9.564304,15.2393,5378.1,37.476,5.479129093180863
48,0.13523391146,-40.69047681659,6.992052,2.7604,4506.3,12.993,-0.8030879063301954
56,0.16292732911,0.22293384329,7.710588,1.6704,--,39.383,-1.1753095933891595
57,0.16800095392,-69.67596522409,8.028081,34.1251,5121.8,78.903,5.693450663523851
54,0.15259090002,17.96891041464,10.20598,19.8147,4558.8,366.73,6.690917506911257
52,0.14687628635,-77.02011986234,8.531209,4.7157,--,21.916,1.8989398433442881
59,0.17443908042,55.72246039897,9.077502,0.4902,--,2.303,-2.4706314654197055
61,NULL,NULL,NULL,NULL,NULL,NULL,NULL
55,0.15881622137,-66.68316793566,7.485056,14.9069,6201.0,173.185,3.3519926904802464
58,0.17351871706,62.17589950563,6.922204,26.1048,6121.3,63.986,4.00580585122168
60,0.17543711354,-64.4657970555,8.251941,6.5865,6628.1,11.711,2.3452144808003457
63,0.18181039097,45.25333529439,6.332676,5.5784,12589.1,17.755,0.06522426098430945
62,0.17997153575,-45.422743474,8.005071,3.0128,4816.4,7.451,0.39992251336294693
66,0.18841921073,-72.3182174795,8.464083,8.4105,6724.5,20.874,3.0881920757708796
68,NULL,NULL,NULL,NULL,NULL,NULL,NULL
67,0.19934103306,23.53821935892,7.719313,7.1774,6272.2,90.957,1.9991487517495568
65,0.18712161069,-54.83051452811,10.588468,16.1641,4594.2,214.989,6.631225642815515
70,0.20272295676,36.77757263367,10.379111,6.6902,5586.5,33.177,4.5063065048316915
72,NULL,NULL,NULL,NULL,NULL,NULL,NULL
64,0.18457221791,-27.90757758256,7.764919,3.7888,--,18.139,0.6574274035340357
69,0.20141204456,30.39588755237,8.32446,5.7801,9139.9,14.617,2.134136760504468
75,0.22327196692,-50.44645720894,6.835586,2.0454,--,28.944,-1.6105227419373263
71,0.20702433181,36.78009900429,8.05251,6.6401,--,33.254,2.1633830994915675
76,NULL,NULL,NULL,NULL,NULL,NULL,NULL
74,0.22234827543,35.75262238234,9.612058,23.8103,--,164.05,6.495882336857195
73,0.22032238813,66.84801005273,6.362436,3.0496,--,28.123,-1.2163496052088378
79,0.23577027335,35.31672649328,8.559238,3.8472,6125.9,17.842,1.4849618203287545
77,0.23057474331,-30.06416740644,8.412427,4.2947,10387.2,18.953,1.5770911610982177
81,0.24340772812,-4.93253584457,8.416722,22.2093,5629.2,254.91,5.149396352641476
84,0.25242383708,27.8863317461,9.386384,18.9257,5202.4,224.174,5.77164375803761
85,NULL,NULL,NULL,NULL,NULL,NULL,NULL
80,0.2428308653,-11.82373943241,8.258347,14.0637,5814.0,426.383,3.998844968350495
87,0.26149638468,-5.83500136144,7.700641,4.914,6684.1,13.059,1.1578167607203103
86,0.26046118453,69.60350331377,8.043076,3.1705,9278.4,11.58,0.5487147876148999
82,0.24801807203,-10.93596374409,9.139559,0.9297,--,65.395,-1.018726845205272
91,NULL,NULL,NULL,NULL,NULL,NULL,NULL
88,0.26909537663,-48.80987438889,5.489142,6.6758,5070.7,18.613,-0.388341414036355
78,0.23230683082,17.86783658152,7.708723,1.9953,--,6.138,-0.7912359872309365
83,0.24806581909,52.08056355182,8.111052,1.0469,--,3.862,-1.7894220009769306
89,0.27715175475,53.16694331776,7.220998,2.357,--,0.362,-0.9172040873783818
93,0.29233276506,-0.07611040791,7.981884,15.7099,5790.4,77.283,3.962751102925388
92,0.2906943478,-20.70554914063,8.439182,2.41,5533.8,30.775,0.34926721287434326
90,0.28008314306,-41.8875469786,7.53446,8.8112,6364.2,54.296,2.2596352956860377
96,NULL,NULL,NULL,NULL,NULL,NULL,NULL
95,0.30200710145,-11.96404647003,8.553936,6.6788,6175.1,16.454,2.677428192471985
94,0.29499556742,-32.75683716562,9.954228,7.7708,5684.5,50.543,4.406556657518568
97,0.30737351661,-21.40404148949,9.373844,5.9341,6396.0,15.38,3.240618303333722
99,0.31606997761,60.35528497784,5.678268,2.1227,--,12.104,-2.6872889004628133
98,0.30717077412,-52.79857473778,9.750472,7.4368,6086.9,2.616,4.107402510190996
104,NULL,NULL,NULL,NULL,NULL,NULL,NULL
100,NULL,NULL,NULL,NULL,NULL,NULL,NULL
103,NULL,NULL,NULL,NULL,NULL,NULL,NULL
101,0.31971186882,-47.79382845083,9.774849,3.985,6395.8,13.916,2.7769906286606547
108,0.33665066858,-70.12527071581,8.110887,1.4315,--,20.301,-1.1101562382119123
105,0.32780398778,70.9289390618,7.58745,3.3918,--,9.316,0.23960117921881086
102,0.32048834112,-41.48743749799,6.34691,3.3415,4735.2,38.047,-1.03338267270144
107,0.3338295273,-50.33737026277,4.765762,5.3743,--,14.175,-1.5826284718848553
106,0.33021415895,49.98155694127,5.971371,4.1155,--,17.445,-0.9565159698775121
109,0.34659811829,6.79147088775,7.142595,5.2472,6982.8,8.405,0.7422330894698943
111,0.34983659511,34.28184781797,10.651361,26.2409,--,254.728,7.7462546310963845
112,0.35766333479,-16.94844231903,10.098359,31.76,--,388.083,7.607761468775294
110,0.34860587902,39.61072094288,8.895423,19.336,5133.2,54.274,5.327256186997968
113,NULL,NULL,NULL,NULL,NULL,NULL,NULL
114,NULL,NULL,NULL,NULL,NULL,NULL,NULL
118,NULL,NULL,NULL,NULL,NULL,NULL,NULL
115,0.37258568366,-62.92313055304,7.450423,3.9546,9546.4,11.24,0.4359358101190818
117,0.38054835639,-72.6059009999,8.237561,1.8126,--,17.265,-0.4709291217153808
119,0.39016928513,44.67540302426,6.542779,6.1672,4838.0,20.088,0.49321916331521454
116,0.37532503126,-33.7927720413,8.504671,7.7394,6658.3,34.368,2.9482074656951234
122,0.39874772791,-77.06572534602,4.366584,15.4549,--,185.704,0.31191499666057965
120,0.39591817174,-45.34475939853,7.91326,1.9813,--,35.567,-0.6019888023168045
123,0.39989366012,72.23661595176,6.887612,5.8049,--,43.951,0.7065857131186446
121,0.39642358022,28.42369167819,6.483169,4.2578,4820.6,39.17,-0.37090471183035945
124,0.40423349108,61.22279985728,5.453592,1.3825,7014.4,1.766,-3.84308230011632
126,0.40882607207,14.63232506905,7.79954,3.0478,5284.4,37.72,0.2194723235966638
125,0.40467371791,-39.33674842866,8.606897,6.5342,6727.1,33.878,2.6828591165427245
127,NULL,NULL,NULL,NULL,NULL,NULL,NULL
128,0.41441007926,73.61184646672,6.480009,14.3366,7894.5,77.721,2.2622398416252585
129,0.41561667955,5.37280803502,9.195368,5.1878,6120.0,24.194,2.770284124096978
130,0.41829467968,-30.69253622993,8.836822,2.1249,--,19.053,0.4735144825902591
131,0.4198208114,62.01808667832,8.100256,6.9667,11437.3,30.435,2.3153915467522417
137,0.43270504389,42.36714334089,6.226424,2.9772,--,5.049,-1.4045359484008308
133,0.42347579878,-40.14870610769,6.506227,5.5573,6091.3,37.565,0.23054620979321427
138,0.43744325367,-16.53166193414,7.532662,6.0004,4888.2,97.192,1.4235630119202405
139,0.44528283065,67.50697287004,9.331973,0.983,--,2.382,-0.7052594108393233
132,0.42202278256,-34.65354336159,10.536109,2.476,7042.9,15.783,2.5048622017404014
135,0.42679514528,-0.21777795562,8.495264,19.1241,5795.4,116.316,4.903169029786884
136,0.42869153222,24.25311278059,6.261549,5.4909,4721.7,33.703,-0.04023332784143907
134,0.42519378303,-1.13996140878,9.902843,3.2153,7693.5,22.292,2.438950502578307
140,0.45333110243,-68.10489308837,8.921438,8.8192,6096.9,106.135,3.648583957777472
141,0.45348800275,36.35035824995,8.041692,4.0897,4722.3,19.875,1.1001492574901253
143,NULL,NULL,NULL,NULL,NULL,NULL,NULL
144,0.45528386166,76.17559770839,8.184789,2.6755,--,19.79,0.32181377655136867
146,0.45583657249,-25.79853095429,8.890443,7.5672,7007.3,367.248,3.285119062297553
145,0.45603380293,-3.02750328334,5.090039,7.5845,--,20.671,-0.5103262216495326
149,0.47785970524,26.00405012453,10.918463,17.8842,4731.0,698.892,7.180810589812085
142,0.45378587757,66.30603253366,7.171536,16.5611,5775.8,13.985,3.2669818977709855
151,NULL,NULL,NULL,NULL,NULL,NULL,NULL
147,0.46605968916,21.02623564389,7.909909,1.2232,--,8.471,-1.6526036379786815
150,0.480306296,-37.22995069329,6.738419,7.0922,5056.6,48.193,0.9923238710175397
148,0.47882005462,15.52854117111,8.008915,4.4083,--,11.993,1.230270710424616
152,0.48441477769,-28.13094847091,9.921985,3.9873,6724.5,14.025,2.9253795636180575
155,NULL,NULL,NULL,NULL,NULL,NULL,NULL
154,0.49008113222,-6.01407055668,3.292785,7.8758,--,61.979,-2.225741604873273
160,NULL,NULL,NULL,NULL,NULL,NULL,NULL
153,0.48450786918,12.65488769767,8.791101,4.6497,6437.7,31.459,2.1282256649362186
159,0.51090459093,-2.76617089014,6.871397,15.6486,7234.4,38.382,2.8437744476002838
156,0.49693660411,63.35782665998,8.562247,2.4257,--,12.415,0.4864324410184224
157,0.50042326128,-5.21392470356,8.279795,5.828,5043.0,48.864,2.1073927154897634
161,0.51240767307,33.69596105295,8.472102,1.3736,--,27.71,-0.8385965892356992
158,0.50084468254,-37.90187648151,6.82281,5.7979,5063.5,126.238,0.6391636026779262
162,0.51335263623,27.11860418319,9.674858,3.0747,5862.1,9.421,2.113871739255531
165,NULL,NULL,NULL,NULL,NULL,NULL,NULL
168,NULL,NULL,NULL,NULL,NULL,NULL,NULL
171,NULL,NULL,NULL,NULL,NULL,NULL,NULL
169,NULL,NULL,NULL,NULL,NULL,NULL,NULL
163,0.51719396824,-30.68522914018,8.970078,4.1288,8572.3,17.978,2.0491972303094776
166,0.52131706221,-56.51492944516,8.704645,9.2855,5663.8,48.961,3.543671471663023
164,0.51912717194,59.94010091841,7.709221,3.8212,--,119.041,0.6202198453685845
170,0.53760182163,-20.87166236176,9.512423,3.9722,6161.7,32.073,2.5075785353574966
167,0.52782596698,39.1832054912,8.569393,3.2766,--,6.843,1.1465101345959363
172,0.54286960254,67.40895246161,8.576735,0.9248,--,2.645,-1.5930258946177318
173,0.54957267866,47.57720413702,8.387774,3.0243,9691.4,10.448,0.7908983473109945
174,NULL,NULL,NULL,NULL,NULL,NULL,NULL
175,0.552420573,49.77108693293,7.608661,3.5284,5031.4,21.341,0.3465500670290105
177,0.56021980526,-11.96434837595,8.906956,4.9063,8039.0,9.571,2.3607264999890054
176,0.55339975622,44.42825971134,8.70976,3.7886,--,20.22,1.6021537746423293
181,0.57377317601,60.70316796437,5.742062,2.5792,4958.8,14.253,-2.200512899375017
180,0.57091424425,-9.17492855123,8.134801,2.5705,--,14.669,0.18488904101526238
178,0.56804835009,-27.13515298469,8.456539,9.0301,6311.8,92.621,3.2350017987478816
179,0.56951743254,-13.40743587506,6.78791,16.098,6215.3,264.178,2.8217696152779137
182,0.58118710852,52.58640614303,8.253679,2.3479,5057.3,13.573,0.10707697911929337
183,NULL,NULL,NULL,NULL,NULL,NULL,NULL
185,NULL,NULL,NULL,NULL,NULL,NULL,NULL
184,0.58976198687,11.00623756194,8.250363,29.589,5089.8,43.02,5.606014439216379
186,0.60069473069,8.95682488285,6.304925,8.078,--,3.693,0.8414442441698471
190,NULL,NULL,NULL,NULL,NULL,NULL,NULL
189,NULL,NULL,NULL,NULL,NULL,NULL,NULL
192,0.61982469267,8.39386130163,7.886728,3.3161,--,28.473,0.48986609309648177
187,0.60229018965,-6.05926740296,8.884155,7.6684,6363.5,80.047,3.307678792588508
188,0.60269800864,6.33301238927,8.520445,9.7253,6189.7,94.386,3.4599600352509503
191,0.61299261985,-46.02886991377,11.565679,27.0635,--,201.319,8.727598806170008
193,0.6217326273,-39.21258703567,9.205852,3.8281,5155.9,46.645,2.1207683708126144
194,0.62375872882,8.48546371462,5.635739,26.6268,7074.2,104.963,2.7623338810403437
195,0.62577981579,47.42289044096,7.507746,8.8386,6357.8,31.022,2.2396633994853214
196,0.62700592248,51.82997652184,8.298363,0.9242,4318.5,1.161,-1.8728071790865677
197,0.63230481021,42.14778178641,8.699654,2.2324,--,10.195,0.44351406922311654
198,0.63275025924,15.33517409921,8.910211,3.7316,7957.2,22.857,1.7696864220187987
201,NULL,NULL,NULL,NULL,NULL,NULL,NULL
199,0.63499961135,16.256563102,7.227994,4.5264,9410.0,13.777,0.5067586505645787
202,0.6417448996,54.55213746135,8.565803,2.2685,--,10.091,0.34449691801017757
200,0.63548760317,-33.9926342236,10.215187,2.7587,6895.8,17.407,2.4187093743993007
203,0.64228207474,-15.83125142809,8.914089,2.0494,4817.7,21.996,0.47222265935253205
205,NULL,NULL,NULL,NULL,NULL,NULL,NULL
204,0.64522635737,-43.94792582714,8.139615,2.4762,--,42.286,0.10854359630529586
208,NULL,NULL,NULL,NULL,NULL,NULL,NULL
207,0.65038605722,66.09896334536,5.585219,4.0626,--,7.263,-1.3707606790946585
206,0.64679287565,18.8360434199,8.45711,10.4802,6427.2,26.855,3.558957853156281
212,NULL,NULL,NULL,NULL,NULL,NULL,NULL
209,0.66021391462,66.10037345352,7.336741,4.063,9976.7,8.259,0.38097511163205766
210,0.66212663422,-8.48798789152,8.965019,--,--,--,NULL
211,0.66321560794,-37.94771235401,9.289239,4.053,5058.2,20.253,2.3281220187084646
213,0.66702746183,51.472399879,7.446955,4.1769,4827.1,41.976,0.5512253892917744
214,NULL,NULL,NULL,NULL,NULL,NULL,NULL
215,0.67452202562,75.03621059234,8.139162,1.4391,--,7.614,-1.0703831340722
216,NULL,NULL,NULL,NULL,NULL,NULL,NULL
217,NULL,NULL,NULL,NULL,NULL,NULL,NULL
221,NULL,NULL,NULL,NULL,NULL,NULL,NULL
218,0.67962758766,-57.6336673692,8.143567,3.0884,4787.5,30.813,0.5922347189120494
219,0.69030789256,6.03440151356,8.449332,10.2032,6063.9,38.317,3.4930139982158996
222,0.69446265558,-40.98323091526,8.54381,2.9765,--,21.818,0.9123394344388602
220,0.69177788377,35.81546721059,7.47762,5.4556,9998.2,13.13,1.1618326035490885
224,0.69625741367,3.86041649248,8.749537,2.0771,4973.0,5.273,0.33682402866186756
225,0.70010803006,-15.04054139244,8.926423,6.0624,6282.7,17.797,2.8396459396545897
223,0.69656125501,2.13015273415,7.213268,23.3713,5947.0,112.255,4.056682350819514
226,0.70044606947,-24.9452985401,10.310272,1.2529,6243.2,53.145,0.7998540461866259
227,0.70486223078,80.28654759,9.826315,5.8441,6314.8,50.647,3.6599031932899244
228,0.71026356148,28.25190536451,7.521874,10.3576,6119.7,41.204,2.598169674968017
229,0.71400274834,47.25227059824,8.898067,3.8783,10064.8,19.164,1.8412740011571058
230,NULL,NULL,NULL,NULL,NULL,NULL,NULL
231,0.72375467329,-58.78139714415,9.446426,3.8148,--,72.932,2.3537848698119896
234,NULL,NULL,NULL,NULL,NULL,NULL,NULL
232,0.73011416017,-30.14977328832,8.425649,4.3628,10256.1,18.621,1.6244755223174971
233,0.73192025764,71.35851784244,8.064291,2.9047,--,12.928,0.37979742361025437
235,0.73644530806,71.36803526132,8.695427,2.2811,5097.2,4.771,0.486148622560874
236,0.73786000793,-0.89387387896,7.705997,2.6511,4809.5,25.396,-0.1768724514343134
237,0.73930006247,-39.52741276784,8.778294,7.7429,4969.6,70.245,3.2228122518073663
240,0.74372906702,9.79522743815,10.643247,2.9294,6290.0,15.91,2.977140386116977
238,0.73953410344,-20.04588301518,6.133678,17.407,6120.8,127.386,2.3372976465942283
239,0.74319154817,3.38193277011,8.440057,3.5929,6143.0,7.604,1.2172826489893431
241,0.75202221156,9.13828113973,8.47543,2.5586,--,23.413,0.515441977753273
243,NULL,NULL,NULL,NULL,NULL,NULL,NULL
242,0.7522306562,-34.74393803353,7.509375,7.9424,4999.7,51.069,2.0091337774130853
244,NULL,NULL,NULL,NULL,NULL,NULL,NULL
245,NULL,NULL,NULL,NULL,NULL,NULL,NULL
246,0.76446978326,56.73329710006,9.494833,16.956,5019.6,182.49,5.641450039480917
247,0.76543460335,8.26129272601,9.091084,7.5269,6423.2,62.684,3.474164730871056
248,0.76566018255,8.27068431678,8.037072,7.4829,7060.5,61.692,2.407421707180001
250,NULL,NULL,NULL,NULL,NULL,NULL,NULL
249,0.77422596882,31.87008534965,8.624852,13.1047,5996.3,12.401,4.211987416441377
251,0.77532833031,-25.26111547551,8.175399,1.5318,4545.3,39.952,-0.8985906740605287
252,0.77964194656,29.48597568473,10.041371,1.3015,--,18.673,0.6135918622262739
254,0.78477882238,42.74790520119,6.715531,5.7823,--,33.559,0.5260341009456546
255,NULL,NULL,NULL,NULL,NULL,NULL,NULL
253,0.78272526819,-24.145144725,6.130807,6.4919,--,57.211,0.1926661070782112
256,NULL,NULL,NULL,NULL,NULL,NULL,NULL
257,NULL,NULL,NULL,NULL,NULL,NULL,NULL
259,NULL,NULL,NULL,NULL,NULL,NULL,NULL
258,0.8054792431,17.55226903902,6.303553,7.0182,4632.2,79.687,0.5346817014564591
260,0.81722833163,-55.40506895597,9.561519,4.2506,6750.8,31.93,2.7037701894247634
261,0.82052654667,-23.61543795431,9.060028,5.0333,6402.4,39.348,2.5692920822079337
263,0.82917484275,4.68693065377,11.169146,34.8788,--,88.026,8.881953673397934
262,0.82594709338,32.84586257997,9.008277,3.8518,7004.3,52.599,1.9365956441428551
264,0.83207640054,38.24401241051,8.080599,3.1144,4724.9,1.461,0.5474709535505262
266,0.83533478246,-11.94536617494,7.791934,3.8323,4567.4,64.99,0.7092314958279733
265,0.83538369262,-64.47609603741,8.440932,1.2994,--,6.554,-0.9903536878532506
267,0.83536025967,-4.14575464039,8.022013,11.5073,6548.4,22.815,3.326880177377662
268,0.84178605337,59.07860652395,7.63185,1.2902,4660.1,4.765,-1.8148648122098443
270,0.84988244645,73.17449713347,7.346511,4.9998,9571.7,21.504,0.8412741610464876
269,0.84202326896,23.57503457718,8.437085,3.2679,4741.2,12.576,1.0084287917610872
271,0.8528391773,-35.96515794944,9.131726,4.7894,7851.7,23.222,2.5331315493165034
272,NULL,NULL,NULL,NULL,NULL,NULL,NULL
276,NULL,NULL,NULL,NULL,NULL,NULL,NULL
274,0.85714847739,63.64051696258,6.162851,0.8162,20794.2,4.452,-4.278166047813739
273,0.85686863447,-46.83097560741,11.133667,0.8799,--,2.876,0.8558335885010742
275,0.85750590327,-29.00074713283,9.862014,--,--,--,NULL
277,0.8594970681,-36.25119068951,6.896962,15.129,7024.0,72.661,2.79601311439398
278,0.86311197017,55.55089823058,7.900065,0.7951,--,2.29,-2.597826232711311
281,0.87621215883,55.0599618413,7.596405,1.3237,--,7.53,-1.7946471557035162
282,0.87642822178,19.38149864343,7.467053,2.7408,4523.7,30.073,-0.343560271892823
283,0.87711963223,12.35682169643,7.380692,5.5114,--,14.897,1.0870016594538505
279,0.86376622284,62.35780698993,8.637047,1.1725,12652.7,1.949,-1.0173887430643944
284,0.87847168155,-65.82750729824,8.760991,2.1618,--,33.319,0.4350685625310611
280,0.86620736934,53.31268960583,8.133419,4.8532,9781.2,15.675,1.5635599446318897
285,0.88084338346,-35.6022266617,8.18648,2.8017,4840.4,56.782,0.4235881506092012
287,0.88585334111,-13.22729085685,8.443908,1.1025,--,21.888,-1.3441990093006186
286,0.88147569536,78.71782716016,8.920649,2.3146,--,16.613,0.7430287439350707
288,0.88908620006,42.35210657083,7.612417,7.1321,--,107.884,1.878504119196145
290,NULL,NULL,NULL,NULL,NULL,NULL,NULL
289,NULL,NULL,NULL,NULL,NULL,NULL,NULL
291,0.90457528226,-28.41713625269,8.17073,1.4663,--,11.233,-0.9981558271395787
293,0.91601133532,-57.16446031778,8.18111,13.4374,6252.5,26.533,3.822686226443598
294,0.91710088833,3.90697630249,7.801843,6.749,6764.8,25.277,1.9480401407069436
295,0.91870618661,-41.0958889767,9.606404,3.3742,6851.0,18.594,2.2472581054358383
292,0.9087775532,70.30603003834,8.101026,3.6081,--,9.909,0.887418828449233
296,0.92285516457,-28.39619305868,8.083604,24.8314,5398.3,315.018,5.05861002933432
297,0.92435351972,48.43690534135,6.791181,7.549,9896.4,26.45,1.1806281268574192
299,NULL,NULL,NULL,NULL,NULL,NULL,NULL
298,0.9270221286,13.36516899533,7.90957,2.9602,5018.0,28.164,0.2661752714468726
300,0.93515607973,42.02352174696,7.407222,7.6332,7459.4,76.298,1.8207552081207856
301,0.93494929584,-17.33599144286,4.516587,10.5075,9823.4,26.908,-0.37591600661262703
306,NULL,NULL,NULL,NULL,NULL,NULL,NULL
305,NULL,NULL,NULL,NULL,NULL,NULL,NULL
304,0.96979537998,22.29605341966,8.257994,5.4146,10111.9,7.535,1.9258258946411875
303,0.96930283638,57.37828060228,8.109643,3.9646,7802.8,32.105,1.10063988316608
308,0.98373955516,14.37886550341,7.028296,12.8467,7105.1,82.731,2.572253912325772
309,NULL,NULL,NULL,NULL,NULL,NULL,NULL
307,0.98001371951,-42.55948147971,11.076654,14.7274,--,91.922,6.917284412651889
302,0.96517142367,66.71218558856,5.30059,3.4444,--,11.565,-2.013842097204864
310,0.9877648598,-43.19181125277,9.415139,11.4851,5680.3,165.339,4.715812904603035
311,0.987633588,36.9702527084,8.330143,8.2447,6423.6,22.31,2.9110172879469918
313,NULL,NULL,NULL,NULL,NULL,NULL,NULL
315,NULL,NULL,NULL,NULL,NULL,NULL,NULL
312,0.98959385274,61.10363723167,8.485552,0.3284,6287.1,2.063,-3.9324322577629847
314,0.99164771852,20.95373338602,8.169074,5.3955,--,46.663,1.8292324843709613
317,1.00332719299,-80.39511330343,7.862516,5.6692,7118.0,58.644,1.6301248922614695
316,1.00104013597,12.14579707797,7.202559,5.3417,7189.9,23.063,0.8409564678435411
318,1.00964818381,-38.59475270459,9.177074,1.9161,4864.8,7.826,0.5891648543882368
320,1.02135233116,-16.99765100975,11.990829,0.4931,5877.9,33.506,0.4555040126556893
319,1.01581027238,62.22194700024,8.087064,0.3405,--,2.346,-4.252350418755981
321,1.03297060601,-25.89266268924,8.802216,12.8149,5886.0,120.088,4.3407921077641545
322,1.0351050962,56.92098564006,7.377583,4.0318,5213.2,17.357,0.4050779025907527
324,1.04240754986,17.436642133,8.429687,7.3079,6377.0,56.046,2.7486499795647
323,1.04269470533,49.87018076874,7.120844,4.989,5055.5,14.042,0.6109115196959074
325,NULL,NULL,NULL,NULL,NULL,NULL,NULL
326,1.04482502547,11.26437522912,8.039781,0.888,--,7.887,-2.2181541711069954
328,NULL,NULL,NULL,NULL,NULL,NULL,NULL
329,NULL,NULL,NULL,NULL,NULL,NULL,NULL
327,1.04622222068,-4.92610852726,9.498008,3.1696,7086.5,24.148,2.003030290972359
330,1.05692688757,62.28766423081,5.807129,1.3781,--,0.972,-3.4964673364073775
333,NULL,NULL,NULL,NULL,NULL,NULL,NULL
334,1.06383448294,60.1550138811,8.743817,0.4804,21305.7,5.5,-2.8481680063456576
331,1.05953476949,-26.95238643796,10.479605,0.4124,--,16.805,-1.4438017169426072
332,1.06103389334,-34.41471127199,8.28682,7.4908,6007.8,71.627,2.659461009079579
336,1.06663861371,65.15299026433,6.605076,2.9917,--,16.97,-1.0153337928026573
337,NULL,NULL,NULL,NULL,NULL,NULL,NULL
335,1.06607248876,14.08154193988,8.843518,4.4716,--,40.129,2.0958327374035095
340,NULL,NULL,NULL,NULL,NULL,NULL,NULL
338,1.0673434438,66.34912866365,9.915233,0.9667,--,4.433,-0.15830840703555893
339,1.06881789608,-59.31519183823,8.553114,3.5376,9866.1,21.874,1.296657626173193
341,1.07749594096,-23.25396005919,9.187622,1.6616,4843.2,3.239,0.29025441763521265
342,1.07904715561,-20.56887399801,9.466019,8.386,6068.9,60.77,4.083793290337745
344,1.08364473881,40.10995392923,9.42012,0.9045,--,0.9,-0.7978371440208356
343,1.08246173262,-16.52903661857,5.500603,9.5289,--,78.027,0.39581684657943406
345,1.08465468162,-29.26882230307,6.372489,7.764,9174.2,28.922,0.8229166335816256
347,1.08873282998,54.27459126333,7.765633,2.4699,15334.3,9.104,-0.2709701493440848
346,1.08806517757,-53.90943445615,8.530388,5.7379,--,65.174,2.3241528755043843
348,1.0895923074,12.95729384243,8.445246,17.2621,5706.8,332.48,4.63071414082831
349,1.09544725114,-29.38157170137,7.756221,4.27,10952.0,19.274,0.9083603751251186
350,1.09913124861,-57.32269686853,10.008542,20.6324,4558.1,83.291,6.581290744357436
351,1.10366707607,-47.06804327902,9.557544,20.8798,--,294.791,6.156175672007356
353,NULL,NULL,NULL,NULL,NULL,NULL,NULL
352,1.11210490093,58.06868969955,10.210071,14.552,5066.0,437.641,6.024684430277135
354,1.12334854863,51.82929095836,8.950348,1.8546,4788.6,5.853,0.2915992772347433
355,1.12549480121,-10.50952191798,4.390705,1.6457,4309.2,13.254,-4.527541654304019
359,NULL,NULL,NULL,NULL,NULL,NULL,NULL
357,1.12726778412,-72.89731547829,7.223693,10.8031,6406.6,39.106,2.391434981004209
356,NULL,NULL,NULL,NULL,NULL,NULL,NULL
361,1.14788155537,-71.69500480477,8.453687,2.6646,4760.5,10.98,0.581847117786598
360,NULL,NULL,NULL,NULL,NULL,NULL,NULL
358,1.13951073514,-76.34649145429,8.663352,2.2303,5245.9,22.925,0.4051684219259304
362,1.15061121406,-19.43789318749,8.866352,2.2233,--,17.735,0.6013423399321454
363,1.15169795324,43.55131331618,7.071786,0.7254,--,3.964,-3.6253262437779226
365,NULL,NULL,NULL,NULL,NULL,NULL,NULL
364,1.15202438472,-15.88922929467,8.950436,2.1211,4527.9,12.664,0.5832417198209665
366,1.15250299218,-31.16905400618,8.563841,1.74,4769.0,12.47,-0.2334127585870025
369,1.15889773193,29.72227962751,9.065539,1.9323,5226.5,7.818,0.49591176937786763
367,1.155634106,-81.34531816163,9.073913,2.5468,10355.7,1.161,1.1038872059590208
370,1.15943841243,-51.58333030631,6.743237,3.0321,--,16.782,-0.8480453978977742
371,1.16038465618,-50.03592126418,10.545512,1.0731,--,16.248,0.6987129743431595
368,1.15612499519,2.93722767111,7.501493,3.5507,--,20.451,0.25306290072453486
372,1.16621268377,-70.40425885545,7.169578,4.6385,4888.8,86.961,0.5014658046674567
373,1.16598661599,-8.18495012593,8.213428,2.1451,--,18.284,-0.1293342856110158
374,1.16698714302,34.26512702851,7.373845,4.5822,--,35.211,0.6792152049312135
375,NULL,NULL,NULL,NULL,NULL,NULL,NULL
376,NULL,NULL,NULL,NULL,NULL,NULL,NULL
380,1.17814591383,17.06973677325,8.366675,7.6382,5685.8,74.16,2.7816301291542924
378,1.17193790965,14.96523374449,7.271775,9.4609,6536.0,42.735,2.1514372604666523
382,1.18810363318,-32.36104661439,8.973968,5.935,6913.2,22.997,2.841071616453048
377,1.17211640081,-71.43689009672,5.567911,5.5803,12152.1,32.999,-0.6988012626218545
384,1.19280718666,1.53689281677,8.10546,3.7435,--,29.601,0.9718491873202897
383,1.18888046667,0.05649789922,8.708163,5.1519,6354.6,9.069,2.268000123205132
385,NULL,NULL,NULL,NULL,NULL,NULL,NULL
386,1.20393835009,68.18869485114,9.040498,0.9304,24072.6,1.726,-1.116153491398041
381,1.18522614336,51.53383585229,8.712691,2.8993,--,11.96,1.024156777712653
379,1.1749220869,67.16644512108,5.396713,10.3544,4730.1,98.42,0.4723376908268673
387,1.20812973577,38.78621432994,8.325065,0.8858,--,5.418,-1.9382566202563005
388,1.21023395706,6.41665319387,9.079598,4.0162,7025.5,15.3,2.098674659048399
393,NULL,NULL,NULL,NULL,NULL,NULL,NULL
394,NULL,NULL,NULL,NULL,NULL,NULL,NULL
390,1.21173582543,50.23487222892,11.28945,0.1805,5080.4,4.915,-2.4281639687916154
389,1.21176534905,-29.63303912805,8.293102,4.2978,10195.7,19.56,1.4593330077113258
396,1.22460919433,-31.99665452429,7.422628,2.8798,4799.2,21.568,-0.28056036313518984
391,1.2116475658,43.97071840253,8.569127,8.0148,6842.3,97.276,3.0885904475617956
392,1.21671135808,30.08585268975,8.050384,10.1401,--,76.15,3.080595189796272
395,1.22221396652,-30.2566068984,8.307897,4.2341,9916.6,18.545,1.4417025543585495
397,1.22534739729,52.2489334898,8.706078,2.5152,10788.9,12.304,0.7089406217965681
398,1.22906571322,58.53216770281,6.643769,2.3424,17613.0,8.278,-1.5079257031085094
400,1.2346725429,23.26962939176,7.624367,37.9297,5251.8,382.739,5.519264038604934
401,1.23420201164,56.05695498096,8.019514,1.6957,4335.4,3.273,-0.8337408991614836
399,NULL,NULL,NULL,NULL,NULL,NULL,NULL
402,1.23489692898,64.78142044972,8.032826,8.1187,6276.0,9.613,2.5802584688501273
405,1.23950963847,51.18064354219,7.793573,1.0938,--,2.87,-2.011737404806899
403,1.23715771311,-18.17873224844,8.851476,11.5109,5719.2,95.837,4.157022405183311
404,1.23968046176,45.67379252655,7.438472,13.6393,6039.0,68.01,3.112432409542791
406,1.24398670434,26.72526463851,7.645136,1.5432,--,22.917,-1.4127529268208603
407,1.24465351457,-70.21244196389,7.968244,22.5818,5699.5,109.872,4.737036783363404
408,1.2451252653,57.4687396779,7.966999,3.4697,--,22.057,0.668458630471723
410,NULL,NULL,NULL,NULL,NULL,NULL,NULL
409,1.24609887618,-70.4924820282,8.297166,9.3872,6318.8,27.091,3.1598463543612825
411,1.25663158749,33.36001155504,9.287847,1.204,--,0.345,-0.30902056539097345
412,NULL,NULL,NULL,NULL,NULL,NULL,NULL
413,1.26097373588,-36.01511979952,7.611795,19.6218,6022.8,219.336,4.075489223734032
415,1.26382409605,9.27996006052,8.844407,7.291,6546.3,29.993,3.1583424911767217
414,1.26224364865,-59.82812071398,8.407099,2.2409,--,6.552,0.1592113830385511
416,1.26466666231,1.03770870576,8.663323,8.9239,5557.8,120.006,3.416096474973209
417,1.26592812799,-0.50303572678,6.025777,6.9277,--,70.138,0.22872236273874336
418,1.27562866882,61.31397009099,5.775652,4.7337,12049.4,15.121,-0.84834434554653
422,NULL,NULL,NULL,NULL,NULL,NULL,NULL
419,1.2784987291,-42.56787349182,8.755153,5.456,5490.3,68.799,2.439524808242113
421,NULL,NULL,NULL,NULL,NULL,NULL,NULL
420,1.28122957342,-52.15173891947,7.402707,23.6517,5951.8,170.657,4.272018808685303
425,1.2908120877,-62.8452206826,7.998781,13.993,5852.8,65.919,3.728335170661869
423,1.28847210238,30.32903013715,7.701946,6.6244,6523.0,48.927,1.8076787424860745
426,1.29164383082,30.33122461875,9.295209,6.676,6290.2,51.332,3.4177906400360447
424,1.29065945245,45.22903077552,6.681997,6.3137,--,34.257,0.683416711157701
427,1.29159116553,-43.85082923846,8.436743,2.6941,--,45.256,0.5888115594629895
429,1.29242976947,2.39721009183,8.557081,11.2873,5800.1,59.274,3.820031340565329
428,1.29537166834,45.7865670709,9.08505,86.9299,3633.9,883.796,8.780895900169304
432,1.30418807325,35.57101302884,6.872339,10.3869,8160.5,37.334,1.9547687523290147
430,1.29275890532,-32.46867247833,6.808736,5.6173,--,92.047,0.5563740930903354
434,1.31385112128,-27.27170558107,8.8585,1.9981,--,138.436,0.36158609903290895
433,1.31188097709,3.00740783121,9.212626,1.8179,5037.4,11.922,0.5104759482177972
435,1.31375168264,-49.14214677941,9.19056,8.7762,6218.2,55.125,3.9070925588785475
431,1.30207253417,36.30367240379,7.979652,4.7666,--,29.581,1.3706955432711254
437,NULL,NULL,NULL,NULL,NULL,NULL,NULL
439,NULL,NULL,NULL,NULL,NULL,NULL,NULL
438,NULL,NULL,NULL,NULL,NULL,NULL,NULL
436,1.32370251799,-67.8325897216,8.09102,61.0064,4398.8,572.589,7.0178969897165695
441,1.33319623489,-38.8571547581,6.686776,5.3849,5109.0,83.852,0.3426642133311528
440,1.33301772563,68.88443158738,7.069244,5.6327,10325.0,37.838,0.8228271057115357
443,NULL,NULL,NULL,NULL,NULL,NULL,NULL
442,1.333410728,-21.31533995991,8.367516,3.3452,--,24.888,0.9896264405637627
444,NULL,NULL,NULL,NULL,NULL,NULL,NULL
446,NULL,NULL,NULL,NULL,NULL,NULL,NULL
445,1.34027276958,-56.95565075665,7.408405,9.0322,8096.6,35.278,2.1873727280293735
448,1.34264568361,3.6060840976,6.621012,5.4887,4645.7,21.678,0.3183594693524725
447,1.3425299549,8.78780426473,7.977885,3.2044,4827.9,268.101,0.5066186153223251
449,1.34482035651,-33.49935878195,8.985791,8.5399,5474.9,35.423,3.6430549262187606
450,1.3499377733,28.54372509414,8.655005,2.4685,--,11.493,0.6171706577777485
451,1.35124373255,16.32900507305,8.530896,4.4072,6510.0,43.951,1.7517097968263258
452,1.35576194811,21.56940418579,9.708624,3.0526,6033.9,39.493,2.1319734994266657
453,1.35610661,-3.85167371071,7.301453,3.8082,4942.0,32.709,0.20505174348800104
454,1.36007587913,-14.42218903366,7.136458,4.6758,4855.7,41.737,0.4857376331141312
455,1.36500936857,76.29159668921,11.75584,--,--,--,NULL
456,1.36557625012,-37.30253581943,7.47428,4.6467,4562.9,47.236,0.8100031724327383
461,NULL,NULL,NULL,NULL,NULL,NULL,NULL
459,1.36855015516,-61.22585393029,8.657252,17.4316,5745.7,113.617,4.863938258349703
457,1.36674535921,-42.88738579838,6.214968,1.9869,--,13.95,-2.2941519511672483
460,1.37020944037,22.22449447432,8.926228,21.2562,5334.8,185.148,5.563656138533441
458,1.36767629696,-7.6654175291,6.447467,3.7201,4564.3,42.125,-0.6997599284608462
463,1.38325024393,-35.1297362569,9.183699,1.7776,4837.5,4.672,0.43286920798396267
462,1.37984284579,-9.61745750962,7.020907,20.1669,6355.3,114.49,3.5441027239928453
464,NULL,NULL,NULL,NULL,NULL,NULL,NULL
465,1.39102622902,76.28581692734,8.164759,1.7007,--,10.637,-0.6821024414468386
466,1.39554326028,53.17169470929,6.90938,2.3067,--,15.999,-1.2756644218821558
467,NULL,NULL,NULL,NULL,NULL,NULL,NULL
470,1.40401195292,43.40142118976,8.293016,0.7185,30152.4,13.742,-2.424850137648777
469,1.4010738816,-51.26049030465,6.850828,2.8206,--,17.967,-0.8974644921405179
471,1.41189816881,-58.28953653263,8.681095,1.5279,--,7.396,-0.39843034552079715
468,1.39898394658,-61.30987105156,7.108544,4.546,4891.0,10.758,0.39669115694476087
472,NULL,NULL,NULL,NULL,NULL,NULL,NULL
473,1.4209253217,45.81209743086,8.25029,86.8003,--,903.277,7.942896130958463
474,1.4201939318,44.46867490512,8.324186,6.8004,7479.6,4.781,2.4868582934456036
475,1.42362916915,58.31325905067,8.074008,21.3341,5742.2,175.512,4.71937963220864
476,1.42484005519,13.39626813379,5.311919,8.526,5088.4,43.863,-0.034354358444433686
477,1.42898758053,-29.96062731138,9.847244,4.2289,7164.6,19.069,2.9783810779434514
478,1.42937062794,-22.50977573458,9.533362,2.2959,6118.1,37.358,1.3381268402455753
479,1.4301902416,25.61517153616,9.812387,1.2736,--,4.594,0.3375522519679688
480,1.43012986911,-15.36548240271,8.293482,3.6385,4742.7,17.803,1.0980938962873514
481,1.43356061272,-36.77864094118,9.98259,7.8385,5660.4,77.588,4.453754813390402
482,1.43519344991,17.84029383286,8.33347,8.2925,6484.3,59.181,2.9268974009576
483,1.43936916807,81.07147325872,9.187223,3.3789,9688.6,20.917,1.8310996941647435
484,1.44162786091,-19.67024631163,9.421956,2.1927,--,180.076,1.1268520830181767
485,1.44779998805,47.08728990318,8.46065,2.347,11153.6,5.828,0.3132154479929614
487,NULL,NULL,NULL,NULL,NULL,NULL,NULL
486,1.45710370988,-52.82006432245,9.240381,6.6167,6104.5,19.441,3.3435882212774066
490,1.46893659052,-41.75306805235,7.395556,25.7534,5861.6,124.216,4.4497288666457955
492,NULL,NULL,NULL,NULL,NULL,NULL,NULL
489,1.46590882467,2.76432263697,10.170055,13.2404,5376.5,150.543,5.779560527923495
493,1.4781193014,18.23500730621,7.318629,26.6978,5889.3,211.317,4.451006376630859
491,1.46997754766,12.52735939583,8.558608,2.8864,--,33.37,0.8603905793092395
497,NULL,NULL,NULL,NULL,NULL,NULL,NULL
488,1.46216555594,-68.5513665274,9.81417,7.8112,5934.0,69.007,4.277758788685474
494,1.47946345724,-68.81159493432,8.858594,13.054,5987.2,39.672,4.43731204179979
496,1.48638258975,24.56900555988,6.267824,3.7616,--,39.388,-0.8553129410956801
495,1.48113772823,18.075872609,8.946492,26.6376,4906.1,207.342,6.073967465533707
498,NULL,NULL,NULL,NULL,NULL,NULL,NULL
499,NULL,NULL,NULL,NULL,NULL,NULL,NULL
